sys.exec.out.time {s},drx.drt.a {--},drx.drt.b {--},drx.drt.c {--},drx.drt.d {--},drx.drt.e {--},drx.drt.f {--},drx.drt.g {--},drx.drt.h {--},drx.drt.i {--},drx.drt.j {--},drx.drt.k {--},drx.drt.l {--},drx.drt.m {--},drx.drt.n {--}
                   0,a,98,-1234,1234,-123456,123456,-1234567,123456789,           1234.5677,         -1234.56789,-12345678912345,12345678912345,0,3
                 0.1,a,98,-1234,1234,-123456,123456,-1234567,123456789,           1234.5677,         -1234.56789,-12345678912345,12345678912345,0,3
                 0.2,a,98,-1234,1234,-123456,123456,-1234567,123456789,           1234.5677,         -1234.56789,-12345678912345,12345678912345,0,3
                 0.3,a,98,-1234,1234,-123456,123456,-1234567,123456789,           1234.5677,         -1234.56789,-12345678912345,12345678912345,0,3
                 0.4,a,98,-1234,1234,-123456,123456,-1234567,123456789,           1234.5677,         -1234.56789,-12345678912345,12345678912345,0,3
                 0.5,a,98,-1234,1234,-123456,123456,-1234567,123456789,           1234.5677,         -1234.56789,-12345678912345,12345678912345,0,3
                 0.6,a,98,-1234,1234,-123456,123456,-1234567,123456789,           1234.5677,         -1234.56789,-12345678912345,12345678912345,0,3
                 0.7,a,98,-1234,1234,-123456,123456,-1234567,123456789,           1234.5677,         -1234.56789,-12345678912345,12345678912345,0,3
                 0.8,a,98,-1234,1234,-123456,123456,-1234567,123456789,           1234.5677,         -1234.56789,-12345678912345,12345678912345,0,3
                 0.9,a,98,-1234,1234,-123456,123456,-1234567,123456789,           1234.5677,         -1234.56789,-12345678912345,12345678912345,0,3
                   1,a,98,-1234,1234,-123456,123456,-1234567,123456789,           1234.5677,         -1234.56789,-12345678912345,12345678912345,0,3
